CANDIDATE_ID,CANDIDATE_NAME,VERIFIED_PC_ID,COMMITTEE_NAME,COMMITTEE_CHAIR,COMMITTEE_TYPE
88747,Shane Abbott,79299,Prescription for Florida's Prosperity,Shane Abbott,Political Committee
88917,Jonathan Albert,84643,Friends of Jonathan Albert PC,Jonathan Albert,Political Committee
88816,Daniel Danny Alvarez,83561,Friends of Danny Alvarez,Danny Alvarez,Political Committee
89005,Jose Alvarez,83561,Friends of Danny Alvarez,Danny Alvarez,Political Committee
88741,Adam C. Anderson,79759,Floridians for Economic Prosperity,Adam Anderson,Political Committee
88940,Yoni Anijar,89219,Friends of Yoni Anijar,Yoni Anijar,Political Committee
89018,Cindy Banyai,84051,Pro Choice Florida Political Action Committee,Cindy Banyai,Political Committee
89609,Bruno A. Barreiro,74915,Transparency In Government PC,Bruno Barreiro,Political Committee
88924,Fabian Basabe,83579,Common Sense For Florida,Fabian Basabe,Political Committee
88927,Kimberly Kim Berfield,80981,Friends of Kim Berfield,"Kimberly ""Kim"" Berfield",Political Committee
88927,Kimberly Kim Berfield,88656,Pocotopaug 1915,Kimberly Berfield,Political Committee
88562,Mack Bernard,83980,Friends of Mack Bernard PC,Mack Bernard,Political Committee
90667,Tricia Berry,90803,Berry for Florida,Tricia Berry,Political Committee
89015,Omar Blanco,84721,Let's Get Back to Basics,Omar Blanco,Political Committee
88930,Anthony Bonna,83524,Treasure Coast Leadership Fund,Anthony Bonna,Political Committee
88758,Erika Booth,84005,Booth PAC,Richard Booth,Political Committee
88807,Adam Botana,85150,Boatwashers for Botana,Adam Botana,Political Committee
88807,Adam Botana,74419,Conservatives for Clean Water,Adam Botana,Political Committee
83587,Jim Boyd,61056,Building On Your Dreams Political Committee,Jim Boyd,Political Committee
83587,Jim Boyd,83605,Friends of Jim Boyd,Jim Boyd,Political Committee
83587,Jim Boyd,64386,"Florida Republican Senatorial Campaign Committee, Inc.",Jim Boyd,Affiliated Party Committee
89277,Nathan Boyles,88894,Boyles for Florida,Nathan Boyles,Political Committee
88804,Robert Brackett,83385,Friends of Robert Brackett,Robert Brackett,Political Committee
89961,Ben Braver,90257,Friends of Ben Braver,Ben Braver,Political Committee
83691,Jason Brodeur,79209,Citizens for Solutions,Jason Brodeur,Political Committee
83691,Jason Brodeur,79210,Freedom and Liberty Fund,Jason Brodeur,Political Committee
88908,James Buchanan,72679,Buchanan For Florida,James Buchanan,Political Committee
83614,Colleen Burton,70505,Friends of Colleen Burton,Colleen Burton,Political Committee
83774,Alexis Maria Calatayud,80728,Vision & Integrity for Florida,Alexis Calatayud,Political Committee
88751,Jennifer Canady,79996,Friends of Jennifer Canady,Jennifer Canady,Political Committee
92168,John Carroll,88615,True American Pac,John Carroll,Political Committee
88675,Hillary Cassel,88925,Balanced Leadership,Hillary Cassel,Political Committee
88675,Hillary Cassel,79268,Friends of Hillary Cassel,Hillary Cassel,Political Committee
88742,Linda Chaney,79225,Friends of Linda Chaney,Linda Chaney,Political Committee
88944,Nan Cobb,84407,Tractor PC,Nan Cobb,Political Committee
89690,Jay Collins,89373,Keep Florida Strong PC,Jay Collins,Political Committee
89690,Jay Collins,83324,Quiet Professionals FL,Jay Collins,Political Committee
89322,Jayden D'Onofrio,84472,Florida Future Leaders,Jayden D'Onofrio,Political Committee
89322,Jayden D'Onofrio,89321,Jayden For Florida,Jayden D'Onofrio,Political Committee
89399,Kimberly Daniels,88607,Generation Front Line,Kimberly Daniels,Political Committee
89012,Todd Delmay,89025,Delmay For Florida,Todd Delmay,Political Committee
89012,Todd Delmay,61569,"SAVE Action, PAC",Todd Delmay,Political Committee
83641,Nick Diceglie,83646,Friends of Nick DiCeglie,Nick Diceglie,Political Committee
89098,Emily Duda Buckley,88994,Fostering Florida's Future PC,Emily Buckley,Political Committee
88761,Tiffany Esposito,80727,Tiffany for Florida,Tiffany Esposito,Political Committee
89095,Jon Fay,89791,Friends of Jon Fay,Jon Fay,Political Committee
89557,Jorge Figueroa,83513,Working for Florida,Jorge Figueroa,Political Committee
89901,Jarod Fox,79732,Friends of Amira Fox,Amira Fox,Political Committee
89351,Wancito Francius,83559,Educating voters for a better Government,Wancito Francius,Political Committee
88845,Michael Mike Friend,90141,Florida's Friend,Michael Friend,Political Committee
83608,Ileana Garcia,89431,Friends of Luiz F F Garcia,Luiz Garcia,Political Committee
83608,Ileana Garcia,83741,Getting it Done for Florida,Ileana Garcia,Political Committee
83608,Ileana Garcia,74696,No More Socialism,Ileana Garcia,Political Committee
90323,Luis Garcia,89431,Friends of Luiz F F Garcia,Luiz Garcia,Political Committee
88904,Richard Gentry,84474,Friends of Richard Gentry,Richard Gentry,Political Committee
89537,Audrey Gibson,88916,Friends of Mindy Gibson,Mindy Gibson,Political Committee
83588,Kyle Kc Gibson,88916,Friends of Mindy Gibson,Mindy Gibson,Political Committee
88822,Mindy Gibson,88916,Friends of Mindy Gibson,Mindy Gibson,Political Committee
89107,Ryan Gill,89362,Conservatives for Florida Agriculture,Ryan Gill,Political Committee
90478,Miguel Granda,90648,Friends of Miguel Granda,Miguel Granda,Political Committee
89473,Eric Gray,89149,Friends of Jim Gray,Jim Gray,Political Committee
88774,Sam Greco,84595,First Coast Conservative Coalition,Sam Greco,Political Committee
89340,Jackie Green,85883,Friends of Richard Green,Richard Green,Political Committee
89346,Marcus Herman,91236,Brevard Conservative Coalition,Marcus Herman,Political Committee
89255,Brian Hodgers,89118,Friends of Brian Hodgers,Brian Hodgers,Political Committee
90249,Hilary Holley,89563,Friends of Hilary Holley,Hilary Holley,Political Committee
88864,Marcus Hyatt,89190,Hyatt for Florida,Marcus Hyatt,Political Committee
89394,Blaise Ingoglia,79506,Friends of Blaise Ingoglia,Blaise Ingoglia,Political Committee
89394,Blaise Ingoglia,70076,Government Gone Wild PAC,Blaise Ingoglia,Political Committee
89329,Bonnie Jackson,83720,Priestly Jackson For Neighbors,Malik Jackson,Electioneering Communications Organization
90678,Sammy Jackson,83720,Priestly Jackson For Neighbors,Malik Jackson,Electioneering Communications Organization
90874,Leslie Jean-Bart,88716,Choices of Integrity,Leslie Jean-Bart,Political Committee
90874,Leslie Jean-Bart,81501,Community Inclusion Committee,Leslie Jean-Bart,Political Committee
90874,Leslie Jean-Bart,88876,Momentum Jax,Leslie Jean-Bart,Political Committee
88776,Chad Johnson,84392,Friends of Chad Johnson,Angela Johnson,Political Committee
89150,Robert Lewayne Johnson,84392,Friends of Chad Johnson,Angela Johnson,Political Committee
88915,Jennifer Kincart Jonsson,85513,Friends of Jennifer Kincart Jonsson,Jennifer Jonsson,Political Committee
92056,Dotie Joseph,74707,Victory Now,Dotie Joseph,Political Committee
90559,Jibri Knight,90511,Knight Fights for Sarasota County,Tom Knight,Political Committee
88856,Traci Koster,79753,Friends of Traci Koster,Traci Koster,Political Committee
89608,Frank Lago,89653,Friends of Frank Lago,Frank Lago,Political Committee
89888,Mark Lightner,91194,Friends of Mark Lightner,Mark Lightner,Political Committee
89636,Amaro Lionheart,89437,Friends of Amaro Lionheart,Amaro Lionheart,Political Committee
89265,Melton Little,89409,Make Manatee Great Again PC,Melton Little,Political Committee
89640,Rob Long,89020,Long Lasting Progress PC,Rob Long,Political Committee
88844,Randy Maggard,61310,PASCO PAC,Randy Maggard,Political Committee
89211,August Mangeney,89262,Allegiance To Democracy,August Mangeney,Political Committee
90025,Jon Maples,89143,Friends of Jon Maples,Jon Maples,Political Committee
89344,Trei Mcmullen,89762,For God and Country,Trei Mcmullen,Political Committee
89031,Lauren Uhlich Melo,75035,Friends of Lauren Melo,Lauren Melo,Political Committee
91755,Amr Metwally,89139,MGTOW Party,Amr Metwally,Party Executive Committee
88815,Monique Miller,83990,Friends of Monique Miller,Monique Miller,Political Committee
90006,Brian Nathan,91788,Friends of Brian Nathan,Brian Nathan,Political Committee
89602,Judy M. Ngying,93196,Friends of Judy Ngying,Judy Ngying,Political Committee
88877,Les Nichols,89592,Friends of Les Nichols,Les Nichols,Political Committee
88945,Vanessa Oliver,85882,Friends of Vanessa Oliver,Vanessa Oliver,Political Committee
88933,Nick Pachota,88935,Friends of Nick Pachota,Nick Pachota,Political Committee
88897,Bill Partington,83911,Freedom on the Move,Bill Partington,Political Committee
89395,Jennifer Peeples Winkler,89406,Friends of Jennifer Winkler,Jennifer Winkler,Political Committee
89022,Rachel Plakon,79137,Friends of Rachel Plakon,Rachel Plakon,Political Committee
89022,Rachel Plakon,78844,Friends of Scott Plakon,Scott Plakon,Political Committee
89129,Juan Carlos Porras,81066,Conservatives For A Better Miami-Dade,Juan Porras,Political Committee
89720,Robert Prater,89753,Friends of Robert Prater,Robert Prater,Political Committee
89380,Liesa Priddy,89449,Friends of Liesa Priddy,Liesa Priddy,Political Committee
88952,Marshall Rawson,89136,Friends of Marshall Rawson,Marshall Rawson,Political Committee
83549,Ana Maria Rodriguez,70258,Ethics and Honesty in Government,Ana Rodriguez,Political Committee
84457,Rick Roth,70317,Palm Beach Prosperity Fund,Rick Roth,Political Committee
90010,Jonathan Rubin,90081,Friends of Jonathan Rubin,Jonathan Rubin,Political Committee
91780,Melissa Rutland,93192,Friends of Melissa Rutland,Melissa Rutland,Political Committee
88746,Michelle Salzman,78984,Committee to Protect Northwest Florida,Michelle Salzman,Political Committee
88746,Michelle Salzman,88866,Friends of Michelle Salzman,Michelle Salzman,Political Committee
88818,Judson Sapp,83717,Friends of Judson Sapp,Judson Sapp,Political Committee
90560,Wilton Simpson,74435,Florida Green PAC,Wilton Simpson,Political Committee
90560,Wilton Simpson,79644,Friends of Wilton Simpson,Wilton Simpson,Political Committee
90560,Wilton Simpson,74437,Future Florida,Wilton Simpson,Political Committee
90560,Wilton Simpson,88885,Home Grown PAC,Wilton Simpson,Political Committee
90698,Heather Anne Smith,73881,Friends of Carlos Guillermo Smith,Carlos Smith,Political Committee
90698,Heather Anne Smith,74137,Friends of David Smith,David Smith,Political Committee
90698,Heather Anne Smith,89108,Friends of Jason Paul Smith,Jason Smith,Political Committee
90698,Heather Anne Smith,84127,Friends of Rico Smith,Rico Smith,Political Committee
90698,Heather Anne Smith,89505,Shark Tank Entrepreneur John D. Smith 4 My Florida CFO,John Smith,Political Committee
89106,Jason Paul Smith,73881,Friends of Carlos Guillermo Smith,Carlos Smith,Political Committee
89106,Jason Paul Smith,74137,Friends of David Smith,David Smith,Political Committee
89106,Jason Paul Smith,89108,Friends of Jason Paul Smith,Jason Smith,Political Committee
89106,Jason Paul Smith,84127,Friends of Rico Smith,Rico Smith,Political Committee
89106,Jason Paul Smith,89505,Shark Tank Entrepreneur John D. Smith 4 My Florida CFO,John Smith,Political Committee
88750,John Snyder,78949,John Snyder for Florida,John Snyder,Political Committee
91310,Annette Taddeo,91195,Friends of Annette Taddeo PC,Annette Taddeo,Political Committee
89531,Matt Taylor,90704,Friends of Chris Taylor,Christopher Taylor,Political Committee
88972,Debra Tendrich,89366,Friends of Debra Tendrich,Debra Tendrich,Political Committee
90135,Josie Tomkow,73841,Florida Farmers and Ranchers United,Josie Tomkow,Political Committee
90135,Josie Tomkow,89569,Friends of Josie Tomkow,Josie Tomkow,Political Committee
88745,Dana Trabulsy,79273,Friends of Dana Trabulsy,Dana Trabulsy,Political Committee
88745,Dana Trabulsy,80691,St. Lucie Strong,Dana Trabulsy,Political Committee
88777,Chase Tramont,80401,Faith Family Freedom Coalition,Chase Tramont,Political Committee
89041,James Uthmeier,89007,Friends of James Uthmeier,James Uthmeier,Political Committee
90979,Tom Vail,89671,Florida For Life PC,Tom Vail,Political Committee
89309,Jordan Varnadore,89347,Protecting Manatee Values,Jordan Varnadore,Political Committee
88962,Chris Vincent,89438,Friends Of Chris Vincent,Chris Vincent,Political Committee
89468,Kelly Ann Walker,89441,Friends of Kelly Ann Walker,Kelly Walker,Political Committee
91644,Dan Weldon,91790,Weldon for Florida,Dan Weldon,Political Committee
88879,Taylor Yarkosky,79363,Lake County Conservatives,Taylor Yarkosky,Political Committee
88918,Brad Yeager,89146,Friends of Lisa Yeager,Lisa Yeager,Political Committee
88918,Brad Yeager,83551,Yeager For Florida,Brad Yeager,Political Committee
89731,Jerusa Zitta,89854,Friends of Jerusa Zitta,Arno Zitta,Political Committee
